<?xml version="1.0" encoding="UTF-8" standalone="yes"?>
<content>
    <qradarversion>7.3.0.20171013140512</qradarversion>
    <application_zip>
        <filedata>installed_application-ContentExport-20180821055054/1061.zip</filedata>
        <id>/store/qapp/1061/1061.zip</id>
    </application_zip>
    <installed_application>
        <installed_by>admin</installed_by>
        <task_status>COMPLETED</task_status>
        <memory>200</memory>
        <manifest>{&quot;console_ip&quot;:&quot;10.11.0.18&quot;,&quot;name&quot;:&quot;TI_GIB&quot;,&quot;description&quot;:&quot;Group-IB Threat Intelligence application&quot;,&quot;version&quot;:&quot;1.1&quot;,&quot;uuid&quot;:&quot;648f1246-c1b0-4399-9035-98575bb7b15c&quot;,&quot;resources&quot;:{&quot;memory&quot;:200},&quot;app_id&quot;:1061,&quot;areas&quot;:[{&quot;id&quot;:&quot;StoreApp&quot;,&quot;text&quot;:&quot;TI_GIB&quot;,&quot;description&quot;:&quot;A new tab to load an input form to save data&quot;,&quot;url&quot;:&quot;index&quot;,&quot;required_capabilities&quot;:[&quot;ADMIN&quot;]}]}</manifest>
        <description>Group-IB Threat Intelligence application</description>
        <task_id>13340</task_id>
        <zip_source_file_path>/store/qapp/1061/1061.zip</zip_source_file_path>
        <image_repo>qapp/1061:1.1</image_repo>
        <name>TI_GIB</name>
        <installed_on>1534844553488</installed_on>
        <id>1061</id>
        <cpu_share>0.1</cpu_share>
        <marathon_id>qapp-1061</marathon_id>
        <errors>{&quot;errors&quot;:[]}</errors>
        <status>RUNNING</status>
    </installed_application>
</content>
